{
  "about": {
    "author": {
      "name": "EMQ",
      "email": "contact@emqx.io",
      "company": "EMQ Technologies Co., Ltd",
      "website": "https://www.emqx.io"
    },
    "helpUrl": {
      "en_US": "https://github.com/lf-edge/ekuiper/blob/master/docs/en_US/plugins/functions/functions.md",
      "zh_CN": "https://github.com/lf-edge/ekuiper/blob/master/docs/zh_CN/plugins/functions/functions.md"
    },
    "description": {
      "en_US": "Sample external services for test only",
      "zh_CN": "示例外部函数配置，仅供测试"
    }
  },
  "interfaces": {
    "trueno": {
      "address": "tcp://localhost:50051",
      "protocol": "grpc",
      "schemaType": "protobuf",
      "schemaFile": "sample.proto"
    }
   }
}
