{
  "about": {
    "trial": false,
    "author": {
      "name": "GYF",
      "email": "contact@emqx.io",
      "company": "EMQ Technologies Co., Ltd",
      "website": "https://www.emqx.io"
    },
    "helpUrl": {
      "en_US": "https://github.com/lf-edge/ekuiper/blob/master/docs/en_US/plugins/functions/functions.md",
      "zh_CN": "https://github.com/lf-edge/ekuiper/blob/master/docs/zh_CN/plugins/functions/functions.md"
    },
    "description": {
      "en_US": "",
      "zh_CN": ""
    }
  },
  "functions": [{
    "name": "fib",
    "example": "fib(25)",
    "hint": {
      "en_US": "The parameter value is output as it is.",
      "zh_CN": "原样输出参数值。"
    }
  }]
}
